begin;

-- Optional cleanup for a blank/reseed target
delete from public.product_add_ons;
delete from public.product_variations;
delete from public.menu_items;
delete from public.categories;
delete from public.delivery_postcode_charges;

-- Categories
insert into public.categories (id, name, color) values
  ('accompaniments', 'Accompaniments', 'bg-[oklch(0.69_0.1_210)]'),
  ('biryani-dishes', 'Biryani Dishes', 'bg-[oklch(0.65_0.2_145)]'),
  ('bread-basket-accompaniments', 'Bread Basket Accompaniments', 'bg-[oklch(0.68_0.12_52)]'),
  ('chefs-recommendation', 'Chef''s Recommendation', 'bg-[oklch(0.7_0.15_330)]'),
  ('diyab-ocean-uniques', 'Diyab Ocean Uniques', 'bg-[oklch(0.58_0.16_18)]'),
  ('diyab-specials', 'Diyab Specials', 'bg-[oklch(0.6_0.15_250)]'),
  ('drinks-desserts', 'Drinks & Desserts', 'bg-[oklch(0.82_0.06_250)]'),
  ('english-dishes', 'English Dishes', 'bg-[oklch(0.64_0.14_240)]'),
  ('kebab-roll', 'Kebab Roll', 'bg-[oklch(0.65_0.18_80)]'),
  ('kids-meal', 'Kids Meal', 'bg-[oklch(0.75_0.11_320)]'),
  ('rice-bowl', 'Rice Bowl', 'bg-[oklch(0.72_0.1_120)]'),
  ('sauces', 'Sauces', 'bg-[oklch(0.62_0.16_10)]'),
  ('set-meals', 'Set Meals', 'bg-[oklch(0.55_0.15_200)]'),
  ('starters', 'Starters', 'bg-[oklch(0.55_0.22_27)]'),
  ('tandoori-dishes', 'Tandoori Dishes', 'bg-[oklch(0.6_0.2_20)]'),
  ('traditional-curries', 'Traditional Curries', 'bg-[oklch(0.7_0.18_55)]'),
  ('vegetarian-dishes', 'Vegetarian Dishes', 'bg-[oklch(0.73_0.11_145)]');

-- Menu items
insert into public.menu_items (id, name, price, category_id) values
  ('ac-chilli-pickle', 'Chilli Pickle', 0.75, 'accompaniments'),
  ('ac-chilli-sauce', 'Chilli Sauce', 0.75, 'accompaniments'),
  ('ac-chips', 'Chips', 2.45, 'accompaniments'),
  ('ac-chutney-tray', 'Chutney Tray', 2.85, 'accompaniments'),
  ('ac-cucumber-raita', 'Cucumber Raita', 1.25, 'accompaniments'),
  ('ac-garlic-sauce', 'Garlic Sauce', 0.75, 'accompaniments'),
  ('ac-lime-pickle', 'Lime Pickle', 0.75, 'accompaniments'),
  ('ac-mango-chutney', 'Mango Chutney', 0.75, 'accompaniments'),
  ('ac-onion-chutney', 'Onion Chutney', 0.75, 'accompaniments'),
  ('ac-onion-raita', 'Onion Raita', 1.25, 'accompaniments'),
  ('ac-popadum', 'Popadum', 0.75, 'accompaniments'),
  ('ac-side-salad', 'Side Salad', 1.25, 'accompaniments'),
  ('bb-chapati', 'Chapati', 1.45, 'bread-basket-accompaniments'),
  ('bb-cheese-nan', 'Cheese Nan', 2.95, 'bread-basket-accompaniments'),
  ('bb-chilli-nan', 'Chilli Nan', 2.95, 'bread-basket-accompaniments'),
  ('bb-garlic-nan', 'Garlic Nan', 2.95, 'bread-basket-accompaniments'),
  ('bb-keema-nan', 'Keema Nan', 2.95, 'bread-basket-accompaniments'),
  ('bb-kulcha-nan', 'Kulcha Nan', 2.95, 'bread-basket-accompaniments'),
  ('bb-peshwari-naan', 'Peshwari Naan', 2.95, 'bread-basket-accompaniments'),
  ('bb-plain-naan', 'Plain Naan', 2.45, 'bread-basket-accompaniments'),
  ('bb-plain-paratha', 'Plain Paratha', 2.45, 'bread-basket-accompaniments'),
  ('bb-stuffed-paratha', 'Stuffed Paratha', 3.25, 'bread-basket-accompaniments'),
  ('bb-tandoori-roti', 'Tandoori Roti', 1.7, 'bread-basket-accompaniments'),
  ('bd-chicken-biryani', 'Chicken Biryani', 7.45, 'biryani-dishes'),
  ('bd-chicken-tikka-biryani', 'Chicken Tikka Biryani', 7.95, 'biryani-dishes'),
  ('bd-king-prawn-biryani', 'King Prawn Biryani', 11.95, 'biryani-dishes'),
  ('bd-lamb-biryani', 'Lamb Biryani', 7.95, 'biryani-dishes'),
  ('bd-lamb-tikka-biryani', 'Lamb Tikka Biryani', 8.45, 'biryani-dishes'),
  ('bd-mixed-vegetable-biryani', 'Mixed Vegetable Biryani', 6.75, 'biryani-dishes'),
  ('bd-persian-special-biryani', 'Persian Special Biryani', 8.45, 'biryani-dishes'),
  ('bd-prawn-biryani', 'Prawn Biryani', 7.45, 'biryani-dishes'),
  ('bd-special-mixed-biryani', 'Special Mixed Biryani', 8.95, 'biryani-dishes'),
  ('bd-special-mixed-tikka-biryani', 'Special Mixed Tikka Biryani', 9.45, 'biryani-dishes'),
  ('bd-tandoori-chicken-biryani', 'Tandoori Chicken Biryani', 8.45, 'biryani-dishes'),
  ('cr-achari', 'Achari', 0, 'chefs-recommendation'),
  ('cr-balti', 'Balti', 0, 'chefs-recommendation'),
  ('cr-bangla-garlic', 'Bangla Garlic', 0, 'chefs-recommendation'),
  ('cr-chilli-massala', 'Chilli Massala', 0, 'chefs-recommendation'),
  ('cr-jalfrezi', 'Jalfrezi', 0, 'chefs-recommendation'),
  ('cr-kabulli', 'Kabulli', 0, 'chefs-recommendation'),
  ('cr-kalya', 'Kalya', 0, 'chefs-recommendation'),
  ('cr-karachi', 'Karachi', 0, 'chefs-recommendation'),
  ('cr-makhani', 'Makhani', 0, 'chefs-recommendation'),
  ('cr-masala', 'Masala', 0, 'chefs-recommendation'),
  ('cr-pasanda', 'Pasanda', 0, 'chefs-recommendation'),
  ('cr-pepsila', 'Pepsila', 0, 'chefs-recommendation'),
  ('cr-rosun', 'Rosun', 0, 'chefs-recommendation'),
  ('cr-sagwella', 'Sagwella', 0, 'chefs-recommendation'),
  ('cr-shahi', 'Shahi', 0, 'chefs-recommendation'),
  ('cr-tandoori-garlic-chilli', 'Tandoori Garlic Chilli', 0, 'chefs-recommendation'),
  ('dd-15ltr-coca-cola', '1.5Ltr Coca Cola', 2.95, 'drinks-desserts'),
  ('dd-7up-can', '7up Can', 1.25, 'drinks-desserts'),
  ('dd-ben-jerry-caramel-chew-chew', 'Ben & Jerry Caramel Chew Chew', 5.95, 'drinks-desserts'),
  ('dd-ben-jerry-choc-fudge-brownie', 'Ben & Jerry Chocolate Fudge Brownie', 5.95, 'drinks-desserts'),
  ('dd-ben-jerry-cookie-dough', 'Ben & Jerry Cookie Dough', 5.95, 'drinks-desserts'),
  ('dd-coca-cola-can', 'Coca Cola Can', 1.25, 'drinks-desserts'),
  ('dd-diet-coca-cola-can', 'Diet Coca Cola Can', 1.25, 'drinks-desserts'),
  ('dd-fanta-can', 'Fanta Can', 1.25, 'drinks-desserts'),
  ('ds-badami', 'Badami', 0, 'diyab-specials'),
  ('ds-coconut', 'Coconut', 0, 'diyab-specials'),
  ('ds-ginger-masala', 'Ginger Masala', 0, 'diyab-specials'),
  ('ds-green-masala', 'Green Masala', 0, 'diyab-specials'),
  ('ds-jaflong', 'Jaflong', 0, 'diyab-specials'),
  ('ds-nentara', 'Nentara', 0, 'diyab-specials'),
  ('ds-peshwari', 'Peshwari', 0, 'diyab-specials'),
  ('ds-saffron', 'Saffron', 0, 'diyab-specials'),
  ('du-balti-cham-cham', 'Balti Cham Cham', 8.45, 'diyab-ocean-uniques'),
  ('du-balti-exotica-medium', 'Balti Exotica (Medium)', 8.95, 'diyab-ocean-uniques'),
  ('du-balti-joypuri-hot', 'Balti Joypuri (Hot)', 8.45, 'diyab-ocean-uniques'),
  ('du-butter-chicken-mild', 'Butter Chicken (Mild)', 8.45, 'diyab-ocean-uniques'),
  ('du-cheese-kufta', 'Cheese Kufta', 8.45, 'diyab-ocean-uniques'),
  ('du-chicken-chilli-masala-hot', 'Chicken Chilli Masala (Hot)', 8.45, 'diyab-ocean-uniques'),
  ('du-coriander-hot', 'Coriander (Hot)', 8.45, 'diyab-ocean-uniques'),
  ('du-diyab-ocean-special', 'Diyab Ocean Special', 8.45, 'diyab-ocean-uniques'),
  ('du-garlic-chilli-chicken-hot', 'Garlic Chilli Chicken (Hot)', 8.45, 'diyab-ocean-uniques'),
  ('du-nagh-bhar-hot', 'Nagh Bhar (Hot)', 8.45, 'diyab-ocean-uniques'),
  ('du-tasty-chicken-fairly-hot', 'Diyab Ocean Tasty Chicken (Fairly Hot)', 8.45, 'diyab-ocean-uniques'),
  ('en-chicken-nuggets-9', 'Chicken Nuggets (9)', 6.95, 'english-dishes'),
  ('en-chicken-omlette', 'Chicken Omlette', 6.45, 'english-dishes'),
  ('en-lamb-chops', 'Lamb Chops', 8.45, 'english-dishes'),
  ('en-mushroom-omelette', 'Mushroom Omelette', 5.45, 'english-dishes'),
  ('en-scampi-12', 'Scampi (12)', 6.95, 'english-dishes'),
  ('item-1772792557488', 'Mint Sauce', 0.75, 'accompaniments'),
  ('km-chicken-nuggets-6', 'Chicken Nuggets (6)', 5.95, 'kids-meal'),
  ('km-chicken-tikka-6', 'Chicken Tikka (6)', 5.95, 'kids-meal'),
  ('km-scampi-8', 'Scampi (8)', 5.95, 'kids-meal'),
  ('kr-areesa-supreme', 'Areesa Supreme', 7.95, 'kebab-roll'),
  ('kr-chicken-tikka-kebab-roll', 'Chicken Tikka Kebab Roll', 5.95, 'kebab-roll'),
  ('kr-chilli-chicken-roll-regular', 'Chilli Chicken Roll', 5.95, 'kebab-roll'),
  ('kr-donner-kebab-regular', 'Donner Kebab', 5.95, 'kebab-roll'),
  ('kr-lamb-tikka-kebab-roll', 'Lamb Tikka Kebab Roll', 6.95, 'kebab-roll'),
  ('kr-mixed-kebab-roll', 'Mixed Kebab Roll', 7.45, 'kebab-roll'),
  ('kr-seekh-kebab-roll', 'Seekh Kebab Roll', 5.95, 'kebab-roll'),
  ('rb-boiled-rice', 'Boiled Rice', 2.45, 'rice-bowl'),
  ('rb-chilli-rice', 'Chilli Rice', 2.95, 'rice-bowl'),
  ('rb-egg-rice', 'Egg Rice', 2.95, 'rice-bowl'),
  ('rb-fries-rice', 'Fries Rice', 2.95, 'rice-bowl'),
  ('rb-garlic-rice', 'Garlic Rice', 2.95, 'rice-bowl'),
  ('rb-keema-rice', 'Keema Rice', 2.95, 'rice-bowl'),
  ('rb-mushroom-rice', 'Mushroom Rice', 2.95, 'rice-bowl'),
  ('rb-ocean-special-rice', 'Ocean Special Rice', 4.95, 'rice-bowl'),
  ('rb-pilau-rice', 'Pilau Rice', 2.75, 'rice-bowl'),
  ('rb-special-rice', 'Special Rice', 3.45, 'rice-bowl'),
  ('rb-vegetable-rice', 'Vegetable Rice', 2.95, 'rice-bowl'),
  ('sc-curry-sauce', 'Curry Sauce', 2.95, 'sauces'),
  ('sc-korma-sauce', 'Korma Sauce', 3.45, 'sauces'),
  ('sc-madras-sauce', 'Madras Sauce', 2.95, 'sauces'),
  ('sc-masala-sauce', 'Masala Sauce', 3.45, 'sauces'),
  ('sm-set-meal-1', 'Set Meal for 1 person', 14.45, 'set-meals'),
  ('sm-set-meal-2', 'Set Meal for 2 person', 23.95, 'set-meals'),
  ('sm-set-meal-4', 'Set Meal for 4 person', 39.95, 'set-meals'),
  ('st-aloo-chaat', 'Aloo Chaat', 3.75, 'starters'),
  ('st-chaat', 'Chaat', 3.95, 'starters'),
  ('st-chicken-tikka', 'Chicken Tikka', 3.45, 'starters'),
  ('st-chicken-wings', 'Chicken Wings', 3.95, 'starters'),
  ('st-chilli-chicken', 'Chilli Chicken', 3.95, 'starters'),
  ('st-fish-pakora', 'Fish Pakora', 4.45, 'starters'),
  ('st-garlic-chicken', 'Garlic Chicken', 3.95, 'starters'),
  ('st-garlic-mushroom', 'Garlic Mushroom', 2.95, 'starters'),
  ('st-half-moon-murgha', 'Half Moon (Murgha)', 3.75, 'starters'),
  ('st-hot-mushroom', 'Hot Mushroom', 2.95, 'starters'),
  ('st-king-prawn-butterfly', 'King Prawn Butterfly', 5.45, 'starters'),
  ('st-king-prawn-puree', 'King Prawn Puree', 5.45, 'starters'),
  ('st-king-prawn-suka', 'King Prawn Suka', 5.45, 'starters'),
  ('st-lamb-tikka', 'Lamb Tikka', 3.45, 'starters'),
  ('st-mixed-kebab', 'Mixed Kebab', 3.95, 'starters'),
  ('st-morcha-jalapeno', 'Morcha Jalapeno', 3.75, 'starters'),
  ('st-mushroom-puree', 'Mushroom Puree', 3.75, 'starters'),
  ('st-onion-bhaji', 'Onion Bhaji', 2.95, 'starters'),
  ('st-pakora-5', 'Pakora (5)', 3.45, 'starters'),
  ('st-paneer-tikka', 'Paneer Tikka', 4.45, 'starters'),
  ('st-piri-piri-lamb-chops', 'Piri Piri Lamb Chops', 4.45, 'starters'),
  ('st-prawn-cocktail', 'Prawn Cocktail', 3.45, 'starters'),
  ('st-prawn-puree', 'Prawn Puree', 3.95, 'starters'),
  ('st-samosa', 'Samosa', 2.95, 'starters'),
  ('st-shami-kebab', 'Shami Kebab', 3.45, 'starters'),
  ('st-sheek-kebab', 'Sheek Kebab', 3.45, 'starters'),
  ('st-special-mix-starter', 'Special Mix Starter', 5.95, 'starters'),
  ('st-tandoori-chicken', 'Tandoori Chicken', 3.45, 'starters'),
  ('st-tandoori-king-prawn', 'Tandoori King Prawn', 5.45, 'starters'),
  ('st-tandoori-lamb-chops', 'Tandoori Lamb Chops', 4.45, 'starters'),
  ('tc-bhuna', 'Bhuna', 0, 'traditional-curries'),
  ('tc-ceylon', 'Ceylon', 0, 'traditional-curries'),
  ('tc-curry', 'Curry', 0, 'traditional-curries'),
  ('tc-dhansak', 'Dhansak', 0, 'traditional-curries'),
  ('tc-dupiaza', 'Dupiaza', 0, 'traditional-curries'),
  ('tc-kashmiri', 'Kashmiri', 0, 'traditional-curries'),
  ('tc-korma', 'Korma', 0, 'traditional-curries'),
  ('tc-madras', 'Madras', 0, 'traditional-curries'),
  ('tc-malaya', 'Malaya', 0, 'traditional-curries'),
  ('tc-methi', 'Methi', 0, 'traditional-curries'),
  ('tc-pathia', 'Pathia', 0, 'traditional-curries'),
  ('tc-rogan-josh', 'Rogan Josh', 0, 'traditional-curries'),
  ('tc-samber', 'Samber', 0, 'traditional-curries'),
  ('tc-sylhety', 'Sylhety', 0, 'traditional-curries'),
  ('tc-vindaloo', 'Vindaloo', 0, 'traditional-curries'),
  ('td-chicken-tikka-main', 'Chicken Tikka (Main)', 7.45, 'tandoori-dishes'),
  ('td-king-prawn-shashlik', 'King Prawn Shashlik', 11.95, 'tandoori-dishes'),
  ('td-lamb-tikka-main', 'Lamb Tikka (Main)', 7.95, 'tandoori-dishes'),
  ('td-shashlik', 'Shashlik', 7.95, 'tandoori-dishes'),
  ('td-tandoori-chicken-main', 'Tandoori Chicken (Main)', 7.45, 'tandoori-dishes'),
  ('td-tandoori-king-prawn-main', 'Tandoori King Prawn (Main)', 11.95, 'tandoori-dishes'),
  ('td-tandoori-lamb-chops-main', 'Tandoori Lamb Chops (Main)', 7.45, 'tandoori-dishes'),
  ('td-tandoori-mixed-grill', 'Tandoori Mixed Grill', 9.45, 'tandoori-dishes'),
  ('vg-aloo-chilli', 'Aloo Chilli', 6.45, 'vegetarian-dishes'),
  ('vg-aloo-gobi', 'Aloo Gobi', 6.45, 'vegetarian-dishes'),
  ('vg-aloo-muttor', 'Aloo Muttor', 6.45, 'vegetarian-dishes'),
  ('vg-bombay-aloo', 'Bombay Aloo', 6.45, 'vegetarian-dishes'),
  ('vg-cauliflower-bhajee', 'Cauliflower Bhajee', 6.45, 'vegetarian-dishes'),
  ('vg-chana-bhajee', 'Chana Bhajee', 6.45, 'vegetarian-dishes'),
  ('vg-chilli-paneer', 'Chilli Paneer', 6.95, 'vegetarian-dishes'),
  ('vg-mixed-vegetable-bhajee', 'Mixed Vegetable Bhajee', 6.45, 'vegetarian-dishes'),
  ('vg-mushroom-bhajee', 'Mushroom Bhajee', 6.45, 'vegetarian-dishes'),
  ('vg-saag-paneer', 'Saag Paneer', 6.95, 'vegetarian-dishes'),
  ('vg-sag-aloo', 'Sag Aloo', 6.45, 'vegetarian-dishes'),
  ('vg-taka-daal', 'Taka Daal', 6.45, 'vegetarian-dishes');

-- Product variations
insert into public.product_variations (id, item_id, name, price_modifier) values
  ('var-cr-achari-chicken', 'cr-achari', 'Chicken', 7.45),
  ('var-cr-achari-chicken-tikka', 'cr-achari', 'Chicken Tikka', 7.45),
  ('var-cr-achari-king-prawn-tikka', 'cr-achari', 'King Prawn Tikka', 11.95),
  ('var-cr-achari-lamb', 'cr-achari', 'Lamb', 8.45),
  ('var-cr-achari-lamb-tikka', 'cr-achari', 'Lamb Tikka', 8.45),
  ('var-cr-achari-mixed-vegetable', 'cr-achari', 'Mixed Vegetable', 6.45),
  ('var-cr-achari-paneer-tikka', 'cr-achari', 'Paneer Tikka', 7.45),
  ('var-cr-achari-special-mixed-tikka', 'cr-achari', 'Special Mixed Tikka', 9.45),
  ('var-cr-balti-chicken', 'cr-balti', 'Chicken', 7.45),
  ('var-cr-balti-chicken-tikka', 'cr-balti', 'Chicken Tikka', 7.45),
  ('var-cr-balti-king-prawn-tikka', 'cr-balti', 'King Prawn Tikka', 11.95),
  ('var-cr-balti-lamb', 'cr-balti', 'Lamb', 8.45),
  ('var-cr-balti-lamb-tikka', 'cr-balti', 'Lamb Tikka', 8.45),
  ('var-cr-balti-mixed-vegetable', 'cr-balti', 'Mixed Vegetable', 6.45),
  ('var-cr-balti-paneer-tikka', 'cr-balti', 'Paneer Tikka', 7.45),
  ('var-cr-balti-special-mixed-tikka', 'cr-balti', 'Special Mixed Tikka', 9.45),
  ('var-cr-bangla-garlic-chicken', 'cr-bangla-garlic', 'Chicken', 7.45),
  ('var-cr-bangla-garlic-chicken-tikka', 'cr-bangla-garlic', 'Chicken Tikka', 7.45),
  ('var-cr-bangla-garlic-king-prawn-tikka', 'cr-bangla-garlic', 'King Prawn Tikka', 11.95),
  ('var-cr-bangla-garlic-lamb', 'cr-bangla-garlic', 'Lamb', 8.45),
  ('var-cr-bangla-garlic-lamb-tikka', 'cr-bangla-garlic', 'Lamb Tikka', 8.45),
  ('var-cr-bangla-garlic-mixed-vegetable', 'cr-bangla-garlic', 'Mixed Vegetable', 6.45),
  ('var-cr-bangla-garlic-paneer-tikka', 'cr-bangla-garlic', 'Paneer Tikka', 7.45),
  ('var-cr-bangla-garlic-special-mixed-tikka', 'cr-bangla-garlic', 'Special Mixed Tikka', 9.45),
  ('var-cr-chilli-massala-chicken', 'cr-chilli-massala', 'Chicken', 7.45),
  ('var-cr-chilli-massala-chicken-tikka', 'cr-chilli-massala', 'Chicken Tikka', 7.45),
  ('var-cr-chilli-massala-king-prawn-tikka', 'cr-chilli-massala', 'King Prawn Tikka', 11.95),
  ('var-cr-chilli-massala-lamb', 'cr-chilli-massala', 'Lamb', 8.45),
  ('var-cr-chilli-massala-lamb-tikka', 'cr-chilli-massala', 'Lamb Tikka', 8.45),
  ('var-cr-chilli-massala-mixed-vegetable', 'cr-chilli-massala', 'Mixed Vegetable', 6.45),
  ('var-cr-chilli-massala-paneer-tikka', 'cr-chilli-massala', 'Paneer Tikka', 7.45),
  ('var-cr-chilli-massala-special-mixed-tikka', 'cr-chilli-massala', 'Special Mixed Tikka', 9.45),
  ('var-cr-jalfrezi-chicken', 'cr-jalfrezi', 'Chicken', 7.45),
  ('var-cr-jalfrezi-chicken-tikka', 'cr-jalfrezi', 'Chicken Tikka', 7.45),
  ('var-cr-jalfrezi-king-prawn-tikka', 'cr-jalfrezi', 'King Prawn Tikka', 11.95),
  ('var-cr-jalfrezi-lamb', 'cr-jalfrezi', 'Lamb', 8.45),
  ('var-cr-jalfrezi-lamb-tikka', 'cr-jalfrezi', 'Lamb Tikka', 8.45),
  ('var-cr-jalfrezi-mixed-vegetable', 'cr-jalfrezi', 'Mixed Vegetable', 6.45),
  ('var-cr-jalfrezi-paneer-tikka', 'cr-jalfrezi', 'Paneer Tikka', 7.45),
  ('var-cr-jalfrezi-special-mixed-tikka', 'cr-jalfrezi', 'Special Mixed Tikka', 9.45),
  ('var-cr-kabulli-chicken', 'cr-kabulli', 'Chicken', 7.45),
  ('var-cr-kabulli-chicken-tikka', 'cr-kabulli', 'Chicken Tikka', 7.45),
  ('var-cr-kabulli-king-prawn-tikka', 'cr-kabulli', 'King Prawn Tikka', 11.95),
  ('var-cr-kabulli-lamb', 'cr-kabulli', 'Lamb', 8.45),
  ('var-cr-kabulli-lamb-tikka', 'cr-kabulli', 'Lamb Tikka', 8.45),
  ('var-cr-kabulli-mixed-vegetable', 'cr-kabulli', 'Mixed Vegetable', 6.45),
  ('var-cr-kabulli-paneer-tikka', 'cr-kabulli', 'Paneer Tikka', 7.45),
  ('var-cr-kabulli-special-mixed-tikka', 'cr-kabulli', 'Special Mixed Tikka', 9.45),
  ('var-cr-kalya-chicken', 'cr-kalya', 'Chicken', 7.45),
  ('var-cr-kalya-chicken-tikka', 'cr-kalya', 'Chicken Tikka', 7.45),
  ('var-cr-kalya-king-prawn-tikka', 'cr-kalya', 'King Prawn Tikka', 11.95),
  ('var-cr-kalya-lamb', 'cr-kalya', 'Lamb', 8.45),
  ('var-cr-kalya-lamb-tikka', 'cr-kalya', 'Lamb Tikka', 8.45),
  ('var-cr-kalya-mixed-vegetable', 'cr-kalya', 'Mixed Vegetable', 6.45),
  ('var-cr-kalya-paneer-tikka', 'cr-kalya', 'Paneer Tikka', 7.45),
  ('var-cr-kalya-special-mixed-tikka', 'cr-kalya', 'Special Mixed Tikka', 9.45),
  ('var-cr-karachi-chicken', 'cr-karachi', 'Chicken', 7.45),
  ('var-cr-karachi-chicken-tikka', 'cr-karachi', 'Chicken Tikka', 7.45),
  ('var-cr-karachi-king-prawn-tikka', 'cr-karachi', 'King Prawn Tikka', 11.95),
  ('var-cr-karachi-lamb', 'cr-karachi', 'Lamb', 8.45),
  ('var-cr-karachi-lamb-tikka', 'cr-karachi', 'Lamb Tikka', 8.45),
  ('var-cr-karachi-mixed-vegetable', 'cr-karachi', 'Mixed Vegetable', 6.45),
  ('var-cr-karachi-paneer-tikka', 'cr-karachi', 'Paneer Tikka', 7.45),
  ('var-cr-karachi-special-mixed-tikka', 'cr-karachi', 'Special Mixed Tikka', 9.45),
  ('var-cr-makhani-chicken', 'cr-makhani', 'Chicken', 7.45),
  ('var-cr-makhani-chicken-tikka', 'cr-makhani', 'Chicken Tikka', 7.45),
  ('var-cr-makhani-king-prawn-tikka', 'cr-makhani', 'King Prawn Tikka', 11.95),
  ('var-cr-makhani-lamb', 'cr-makhani', 'Lamb', 8.45),
  ('var-cr-makhani-lamb-tikka', 'cr-makhani', 'Lamb Tikka', 8.45),
  ('var-cr-makhani-mixed-vegetable', 'cr-makhani', 'Mixed Vegetable', 6.45),
  ('var-cr-makhani-paneer-tikka', 'cr-makhani', 'Paneer Tikka', 7.45),
  ('var-cr-makhani-special-mixed-tikka', 'cr-makhani', 'Special Mixed Tikka', 9.45),
  ('var-cr-masala-chicken', 'cr-masala', 'Chicken', 7.45),
  ('var-cr-masala-chicken-tikka', 'cr-masala', 'Chicken Tikka', 7.45),
  ('var-cr-masala-king-prawn-tikka', 'cr-masala', 'King Prawn Tikka', 11.95),
  ('var-cr-masala-lamb', 'cr-masala', 'Lamb', 8.45),
  ('var-cr-masala-lamb-tikka', 'cr-masala', 'Lamb Tikka', 8.45),
  ('var-cr-masala-mixed-vegetable', 'cr-masala', 'Mixed Vegetable', 6.45),
  ('var-cr-masala-paneer-tikka', 'cr-masala', 'Paneer Tikka', 7.45),
  ('var-cr-masala-special-mixed-tikka', 'cr-masala', 'Special Mixed Tikka', 9.45),
  ('var-cr-pasanda-chicken', 'cr-pasanda', 'Chicken', 7.45),
  ('var-cr-pasanda-chicken-tikka', 'cr-pasanda', 'Chicken Tikka', 7.45),
  ('var-cr-pasanda-king-prawn-tikka', 'cr-pasanda', 'King Prawn Tikka', 11.95),
  ('var-cr-pasanda-lamb', 'cr-pasanda', 'Lamb', 8.45),
  ('var-cr-pasanda-lamb-tikka', 'cr-pasanda', 'Lamb Tikka', 8.45),
  ('var-cr-pasanda-mixed-vegetable', 'cr-pasanda', 'Mixed Vegetable', 6.45),
  ('var-cr-pasanda-paneer-tikka', 'cr-pasanda', 'Paneer Tikka', 7.45),
  ('var-cr-pasanda-special-mixed-tikka', 'cr-pasanda', 'Special Mixed Tikka', 9.45),
  ('var-cr-pepsila-chicken', 'cr-pepsila', 'Chicken', 7.45),
  ('var-cr-pepsila-chicken-tikka', 'cr-pepsila', 'Chicken Tikka', 7.45),
  ('var-cr-pepsila-king-prawn-tikka', 'cr-pepsila', 'King Prawn Tikka', 11.95),
  ('var-cr-pepsila-lamb', 'cr-pepsila', 'Lamb', 8.45),
  ('var-cr-pepsila-lamb-tikka', 'cr-pepsila', 'Lamb Tikka', 8.45),
  ('var-cr-pepsila-mixed-vegetable', 'cr-pepsila', 'Mixed Vegetable', 6.45),
  ('var-cr-pepsila-paneer-tikka', 'cr-pepsila', 'Paneer Tikka', 7.45),
  ('var-cr-pepsila-special-mixed-tikka', 'cr-pepsila', 'Special Mixed Tikka', 9.45),
  ('var-cr-rosun-chicken', 'cr-rosun', 'Chicken', 7.45),
  ('var-cr-rosun-chicken-tikka', 'cr-rosun', 'Chicken Tikka', 7.45),
  ('var-cr-rosun-king-prawn-tikka', 'cr-rosun', 'King Prawn Tikka', 11.95),
  ('var-cr-rosun-lamb', 'cr-rosun', 'Lamb', 8.45),
  ('var-cr-rosun-lamb-tikka', 'cr-rosun', 'Lamb Tikka', 8.45),
  ('var-cr-rosun-mixed-vegetable', 'cr-rosun', 'Mixed Vegetable', 6.45),
  ('var-cr-rosun-paneer-tikka', 'cr-rosun', 'Paneer Tikka', 7.45),
  ('var-cr-rosun-special-mixed-tikka', 'cr-rosun', 'Special Mixed Tikka', 9.45),
  ('var-cr-sagwella-chicken', 'cr-sagwella', 'Chicken', 7.45),
  ('var-cr-sagwella-chicken-tikka', 'cr-sagwella', 'Chicken Tikka', 7.45),
  ('var-cr-sagwella-king-prawn-tikka', 'cr-sagwella', 'King Prawn Tikka', 11.95),
  ('var-cr-sagwella-lamb', 'cr-sagwella', 'Lamb', 8.45),
  ('var-cr-sagwella-lamb-tikka', 'cr-sagwella', 'Lamb Tikka', 8.45),
  ('var-cr-sagwella-mixed-vegetable', 'cr-sagwella', 'Mixed Vegetable', 6.45),
  ('var-cr-sagwella-paneer-tikka', 'cr-sagwella', 'Paneer Tikka', 7.45),
  ('var-cr-sagwella-special-mixed-tikka', 'cr-sagwella', 'Special Mixed Tikka', 9.45),
  ('var-cr-shahi-chicken', 'cr-shahi', 'Chicken', 7.45),
  ('var-cr-shahi-chicken-tikka', 'cr-shahi', 'Chicken Tikka', 7.45),
  ('var-cr-shahi-king-prawn-tikka', 'cr-shahi', 'King Prawn Tikka', 11.95),
  ('var-cr-shahi-lamb', 'cr-shahi', 'Lamb', 8.45),
  ('var-cr-shahi-lamb-tikka', 'cr-shahi', 'Lamb Tikka', 8.45),
  ('var-cr-shahi-mixed-vegetable', 'cr-shahi', 'Mixed Vegetable', 6.45),
  ('var-cr-shahi-paneer-tikka', 'cr-shahi', 'Paneer Tikka', 7.45),
  ('var-cr-shahi-special-mixed-tikka', 'cr-shahi', 'Special Mixed Tikka', 9.45),
  ('var-cr-tandoori-garlic-chilli-chicken', 'cr-tandoori-garlic-chilli', 'Chicken', 7.45),
  ('var-cr-tandoori-garlic-chilli-chicken-tikka', 'cr-tandoori-garlic-chilli', 'Chicken Tikka', 7.45),
  ('var-cr-tandoori-garlic-chilli-king-prawn-tikka', 'cr-tandoori-garlic-chilli', 'King Prawn Tikka', 11.95),
  ('var-cr-tandoori-garlic-chilli-lamb', 'cr-tandoori-garlic-chilli', 'Lamb', 8.45),
  ('var-cr-tandoori-garlic-chilli-lamb-tikka', 'cr-tandoori-garlic-chilli', 'Lamb Tikka', 8.45),
  ('var-cr-tandoori-garlic-chilli-mixed-vegetable', 'cr-tandoori-garlic-chilli', 'Mixed Vegetable', 6.45),
  ('var-cr-tandoori-garlic-chilli-paneer-tikka', 'cr-tandoori-garlic-chilli', 'Paneer Tikka', 7.45),
  ('var-cr-tandoori-garlic-chilli-special-mixed-tikka', 'cr-tandoori-garlic-chilli', 'Special Mixed Tikka', 9.45),
  ('var-ds-badami-chicken-tikka', 'ds-badami', 'Chicken Tikka', 7.45),
  ('var-ds-badami-king-prawn-tikka', 'ds-badami', 'King Prawn Tikka', 11.95),
  ('var-ds-badami-lamb-tikka', 'ds-badami', 'Lamb Tikka', 8.45),
  ('var-ds-badami-paneer-tikka', 'ds-badami', 'Paneer Tikka', 7.45),
  ('var-ds-badami-special-mixed-tikka', 'ds-badami', 'Special Mixed Tikka', 9.45),
  ('var-ds-coconut-chicken-tikka', 'ds-coconut', 'Chicken Tikka', 7.45),
  ('var-ds-coconut-king-prawn-tikka', 'ds-coconut', 'King Prawn Tikka', 11.95),
  ('var-ds-coconut-lamb-tikka', 'ds-coconut', 'Lamb Tikka', 8.45),
  ('var-ds-coconut-paneer-tikka', 'ds-coconut', 'Paneer Tikka', 7.45),
  ('var-ds-coconut-special-mixed-tikka', 'ds-coconut', 'Special Mixed Tikka', 9.45),
  ('var-ds-ginger-masala-chicken-tikka', 'ds-ginger-masala', 'Chicken Tikka', 7.45),
  ('var-ds-ginger-masala-king-prawn-tikka', 'ds-ginger-masala', 'King Prawn Tikka', 11.95),
  ('var-ds-ginger-masala-lamb-tikka', 'ds-ginger-masala', 'Lamb Tikka', 8.45),
  ('var-ds-ginger-masala-paneer-tikka', 'ds-ginger-masala', 'Paneer Tikka', 7.45),
  ('var-ds-ginger-masala-special-mixed-tikka', 'ds-ginger-masala', 'Special Mixed Tikka', 9.45),
  ('var-ds-green-masala-chicken-tikka', 'ds-green-masala', 'Chicken Tikka', 7.45),
  ('var-ds-green-masala-king-prawn-tikka', 'ds-green-masala', 'King Prawn Tikka', 11.95),
  ('var-ds-green-masala-lamb-tikka', 'ds-green-masala', 'Lamb Tikka', 8.45),
  ('var-ds-green-masala-paneer-tikka', 'ds-green-masala', 'Paneer Tikka', 7.45),
  ('var-ds-green-masala-special-mixed-tikka', 'ds-green-masala', 'Special Mixed Tikka', 9.45),
  ('var-ds-jaflong-chicken-tikka', 'ds-jaflong', 'Chicken Tikka', 7.45),
  ('var-ds-jaflong-king-prawn-tikka', 'ds-jaflong', 'King Prawn Tikka', 11.95),
  ('var-ds-jaflong-lamb-tikka', 'ds-jaflong', 'Lamb Tikka', 8.45),
  ('var-ds-jaflong-paneer-tikka', 'ds-jaflong', 'Paneer Tikka', 7.45),
  ('var-ds-jaflong-special-mixed-tikka', 'ds-jaflong', 'Special Mixed Tikka', 9.45),
  ('var-ds-nentara-chicken-tikka', 'ds-nentara', 'Chicken Tikka', 7.45),
  ('var-ds-nentara-king-prawn-tikka', 'ds-nentara', 'King Prawn Tikka', 11.95),
  ('var-ds-nentara-lamb-tikka', 'ds-nentara', 'Lamb Tikka', 8.45),
  ('var-ds-nentara-paneer-tikka', 'ds-nentara', 'Paneer Tikka', 7.45),
  ('var-ds-nentara-special-mixed-tikka', 'ds-nentara', 'Special Mixed Tikka', 9.45),
  ('var-ds-peshwari-chicken-tikka', 'ds-peshwari', 'Chicken Tikka', 7.45),
  ('var-ds-peshwari-king-prawn-tikka', 'ds-peshwari', 'King Prawn Tikka', 11.95),
  ('var-ds-peshwari-lamb-tikka', 'ds-peshwari', 'Lamb Tikka', 8.45),
  ('var-ds-peshwari-paneer-tikka', 'ds-peshwari', 'Paneer Tikka', 7.45),
  ('var-ds-peshwari-special-mixed-tikka', 'ds-peshwari', 'Special Mixed Tikka', 9.45),
  ('var-ds-saffron-chicken-tikka', 'ds-saffron', 'Chicken Tikka', 7.45),
  ('var-ds-saffron-king-prawn-tikka', 'ds-saffron', 'King Prawn Tikka', 11.95),
  ('var-ds-saffron-lamb-tikka', 'ds-saffron', 'Lamb Tikka', 8.45),
  ('var-ds-saffron-paneer-tikka', 'ds-saffron', 'Paneer Tikka', 7.45),
  ('var-ds-saffron-special-mixed-tikka', 'ds-saffron', 'Special Mixed Tikka', 9.45),
  ('var-1772814740890', 'du-balti-cham-cham', 'Chicken', 0),
  ('var-1772814744903', 'du-balti-cham-cham', 'Lamb', 0),
  ('var-1772814755320', 'du-nagh-bhar-hot', 'Chicken', 0),
  ('var-1772814758853', 'du-nagh-bhar-hot', 'Lamb', 0),
  ('var-1772754861458', 'kr-areesa-supreme', 'Regular', 0),
  ('var-1772754910294', 'kr-areesa-supreme', 'Stir Fry', 1),
  ('var-1772754871128', 'kr-chicken-tikka-kebab-roll', 'Regular', 0),
  ('var-1772754926877', 'kr-chicken-tikka-kebab-roll', 'Stir Fry', 1),
  ('var-1772754885991', 'kr-donner-kebab-regular', 'Regular', 0),
  ('var-1772754958778', 'kr-donner-kebab-regular', 'Stir Fry', 1),
  ('var-1772754889758', 'kr-lamb-tikka-kebab-roll', 'Regular', 0),
  ('var-1772754966644', 'kr-lamb-tikka-kebab-roll', 'Stir Fry', 1),
  ('var-1772754893358', 'kr-mixed-kebab-roll', 'Regular', 0),
  ('var-1772754974576', 'kr-mixed-kebab-roll', 'Stir Fry', 1),
  ('var-1772754896759', 'kr-seekh-kebab-roll', 'Regular', 0),
  ('var-1772754981994', 'kr-seekh-kebab-roll', 'Stir Fry', 1),
  ('var-1772793168836', 'st-chaat', 'Chicken', 0),
  ('var-1772793174252', 'st-chaat', 'Meat', 0),
  ('var-1772793155936', 'st-garlic-mushroom', 'Breaded', 0),
  ('var-1772793150999', 'st-garlic-mushroom', 'Fresh', 0),
  ('var-1772793132770', 'st-samosa', 'Meat', 0),
  ('var-1772793137671', 'st-samosa', 'Veg', 0),
  ('var-tc-bhuna-chicken', 'tc-bhuna', 'Chicken', 6.95),
  ('var-tc-bhuna-chicken-tikka', 'tc-bhuna', 'Chicken Tikka', 7.45),
  ('var-tc-bhuna-keema', 'tc-bhuna', 'Keema', 7.45),
  ('var-tc-bhuna-king-prawn', 'tc-bhuna', 'King Prawn', 11.95),
  ('var-tc-bhuna-king-prawn-tikka', 'tc-bhuna', 'King Prawn Tikka', 11.95),
  ('var-tc-bhuna-lamb', 'tc-bhuna', 'Lamb', 7.45),
  ('var-tc-bhuna-lamb-tikka', 'tc-bhuna', 'Lamb Tikka', 8.45),
  ('var-tc-bhuna-mixed-vegetable', 'tc-bhuna', 'Mixed Vegetable', 6.45),
  ('var-tc-bhuna-mushroom', 'tc-bhuna', 'Mushroom', 6.45),
  ('var-tc-bhuna-paneer-tikka', 'tc-bhuna', 'Paneer Tikka', 7.45),
  ('var-tc-bhuna-prawn', 'tc-bhuna', 'Prawn', 7.45),
  ('var-tc-bhuna-special-mixed', 'tc-bhuna', 'Special Mixed', 8.45),
  ('var-tc-bhuna-special-mixed-tikka', 'tc-bhuna', 'Special Mixed Tikka', 8.95),
  ('var-tc-ceylon-chicken', 'tc-ceylon', 'Chicken', 6.95),
  ('var-tc-ceylon-chicken-tikka', 'tc-ceylon', 'Chicken Tikka', 7.45),
  ('var-tc-ceylon-keema', 'tc-ceylon', 'Keema', 7.45),
  ('var-tc-ceylon-king-prawn', 'tc-ceylon', 'King Prawn', 11.95),
  ('var-tc-ceylon-king-prawn-tikka', 'tc-ceylon', 'King Prawn Tikka', 11.95),
  ('var-tc-ceylon-lamb', 'tc-ceylon', 'Lamb', 7.45),
  ('var-tc-ceylon-lamb-tikka', 'tc-ceylon', 'Lamb Tikka', 8.45),
  ('var-tc-ceylon-mixed-vegetable', 'tc-ceylon', 'Mixed Vegetable', 6.45),
  ('var-tc-ceylon-mushroom', 'tc-ceylon', 'Mushroom', 6.45),
  ('var-tc-ceylon-paneer-tikka', 'tc-ceylon', 'Paneer Tikka', 7.45),
  ('var-tc-ceylon-prawn', 'tc-ceylon', 'Prawn', 7.45),
  ('var-tc-ceylon-special-mixed', 'tc-ceylon', 'Special Mixed', 8.45),
  ('var-tc-ceylon-special-mixed-tikka', 'tc-ceylon', 'Special Mixed Tikka', 8.95),
  ('var-tc-curry-chicken', 'tc-curry', 'Chicken', 6.95),
  ('var-tc-curry-chicken-tikka', 'tc-curry', 'Chicken Tikka', 7.45),
  ('var-tc-curry-keema', 'tc-curry', 'Keema', 7.45),
  ('var-tc-curry-king-prawn', 'tc-curry', 'King Prawn', 11.95),
  ('var-tc-curry-king-prawn-tikka', 'tc-curry', 'King Prawn Tikka', 11.95),
  ('var-tc-curry-lamb', 'tc-curry', 'Lamb', 7.45),
  ('var-tc-curry-lamb-tikka', 'tc-curry', 'Lamb Tikka', 8.45),
  ('var-tc-curry-mixed-vegetable', 'tc-curry', 'Mixed Vegetable', 6.45),
  ('var-tc-curry-mushroom', 'tc-curry', 'Mushroom', 6.45),
  ('var-tc-curry-paneer-tikka', 'tc-curry', 'Paneer Tikka', 7.45),
  ('var-tc-curry-prawn', 'tc-curry', 'Prawn', 7.45),
  ('var-tc-curry-special-mixed', 'tc-curry', 'Special Mixed', 8.45),
  ('var-tc-curry-special-mixed-tikka', 'tc-curry', 'Special Mixed Tikka', 8.95),
  ('var-tc-dhansak-chicken', 'tc-dhansak', 'Chicken', 6.95),
  ('var-tc-dhansak-chicken-tikka', 'tc-dhansak', 'Chicken Tikka', 7.45),
  ('var-tc-dhansak-keema', 'tc-dhansak', 'Keema', 7.45),
  ('var-tc-dhansak-king-prawn', 'tc-dhansak', 'King Prawn', 11.95),
  ('var-tc-dhansak-king-prawn-tikka', 'tc-dhansak', 'King Prawn Tikka', 11.95),
  ('var-tc-dhansak-lamb', 'tc-dhansak', 'Lamb', 7.45),
  ('var-tc-dhansak-lamb-tikka', 'tc-dhansak', 'Lamb Tikka', 8.45),
  ('var-tc-dhansak-mixed-vegetable', 'tc-dhansak', 'Mixed Vegetable', 6.45),
  ('var-tc-dhansak-mushroom', 'tc-dhansak', 'Mushroom', 6.45),
  ('var-tc-dhansak-paneer-tikka', 'tc-dhansak', 'Paneer Tikka', 7.45),
  ('var-tc-dhansak-prawn', 'tc-dhansak', 'Prawn', 7.45),
  ('var-tc-dhansak-special-mixed', 'tc-dhansak', 'Special Mixed', 8.45),
  ('var-tc-dhansak-special-mixed-tikka', 'tc-dhansak', 'Special Mixed Tikka', 8.95),
  ('var-tc-dupiaza-chicken', 'tc-dupiaza', 'Chicken', 6.95),
  ('var-tc-dupiaza-chicken-tikka', 'tc-dupiaza', 'Chicken Tikka', 7.45),
  ('var-tc-dupiaza-keema', 'tc-dupiaza', 'Keema', 7.45),
  ('var-tc-dupiaza-king-prawn', 'tc-dupiaza', 'King Prawn', 11.95),
  ('var-tc-dupiaza-king-prawn-tikka', 'tc-dupiaza', 'King Prawn Tikka', 11.95),
  ('var-tc-dupiaza-lamb', 'tc-dupiaza', 'Lamb', 7.45),
  ('var-tc-dupiaza-lamb-tikka', 'tc-dupiaza', 'Lamb Tikka', 8.45),
  ('var-tc-dupiaza-mixed-vegetable', 'tc-dupiaza', 'Mixed Vegetable', 6.45),
  ('var-tc-dupiaza-mushroom', 'tc-dupiaza', 'Mushroom', 6.45),
  ('var-tc-dupiaza-paneer-tikka', 'tc-dupiaza', 'Paneer Tikka', 7.45),
  ('var-tc-dupiaza-prawn', 'tc-dupiaza', 'Prawn', 7.45),
  ('var-tc-dupiaza-special-mixed', 'tc-dupiaza', 'Special Mixed', 8.45),
  ('var-tc-dupiaza-special-mixed-tikka', 'tc-dupiaza', 'Special Mixed Tikka', 8.95),
  ('var-tc-kashmiri-chicken', 'tc-kashmiri', 'Chicken', 6.95),
  ('var-tc-kashmiri-chicken-tikka', 'tc-kashmiri', 'Chicken Tikka', 7.45),
  ('var-tc-kashmiri-keema', 'tc-kashmiri', 'Keema', 7.45),
  ('var-tc-kashmiri-king-prawn', 'tc-kashmiri', 'King Prawn', 11.95),
  ('var-tc-kashmiri-king-prawn-tikka', 'tc-kashmiri', 'King Prawn Tikka', 11.95),
  ('var-tc-kashmiri-lamb', 'tc-kashmiri', 'Lamb', 7.45),
  ('var-tc-kashmiri-lamb-tikka', 'tc-kashmiri', 'Lamb Tikka', 8.45),
  ('var-tc-kashmiri-mixed-vegetable', 'tc-kashmiri', 'Mixed Vegetable', 6.45),
  ('var-tc-kashmiri-mushroom', 'tc-kashmiri', 'Mushroom', 6.45),
  ('var-tc-kashmiri-paneer-tikka', 'tc-kashmiri', 'Paneer Tikka', 7.45),
  ('var-tc-kashmiri-prawn', 'tc-kashmiri', 'Prawn', 7.45),
  ('var-tc-kashmiri-special-mixed', 'tc-kashmiri', 'Special Mixed', 8.45),
  ('var-tc-kashmiri-special-mixed-tikka', 'tc-kashmiri', 'Special Mixed Tikka', 8.95),
  ('var-tc-korma-chicken', 'tc-korma', 'Chicken', 6.95),
  ('var-tc-korma-chicken-tikka', 'tc-korma', 'Chicken Tikka', 7.45),
  ('var-tc-korma-keema', 'tc-korma', 'Keema', 7.45),
  ('var-tc-korma-king-prawn', 'tc-korma', 'King Prawn', 11.95),
  ('var-tc-korma-king-prawn-tikka', 'tc-korma', 'King Prawn Tikka', 11.95),
  ('var-tc-korma-lamb', 'tc-korma', 'Lamb', 7.45),
  ('var-tc-korma-lamb-tikka', 'tc-korma', 'Lamb Tikka', 8.45),
  ('var-tc-korma-mixed-vegetable', 'tc-korma', 'Mixed Vegetable', 6.45),
  ('var-tc-korma-mushroom', 'tc-korma', 'Mushroom', 6.45),
  ('var-tc-korma-paneer-tikka', 'tc-korma', 'Paneer Tikka', 7.45),
  ('var-tc-korma-prawn', 'tc-korma', 'Prawn', 7.45),
  ('var-tc-korma-special-mixed', 'tc-korma', 'Special Mixed', 8.45),
  ('var-tc-korma-special-mixed-tikka', 'tc-korma', 'Special Mixed Tikka', 8.95),
  ('var-tc-madras-chicken', 'tc-madras', 'Chicken', 6.95),
  ('var-tc-madras-chicken-tikka', 'tc-madras', 'Chicken Tikka', 7.45),
  ('var-tc-madras-keema', 'tc-madras', 'Keema', 7.45),
  ('var-tc-madras-king-prawn', 'tc-madras', 'King Prawn', 11.95),
  ('var-tc-madras-king-prawn-tikka', 'tc-madras', 'King Prawn Tikka', 11.95),
  ('var-tc-madras-lamb', 'tc-madras', 'Lamb', 7.45),
  ('var-tc-madras-lamb-tikka', 'tc-madras', 'Lamb Tikka', 8.45),
  ('var-tc-madras-mixed-vegetable', 'tc-madras', 'Mixed Vegetable', 6.45),
  ('var-tc-madras-mushroom', 'tc-madras', 'Mushroom', 6.45),
  ('var-tc-madras-paneer-tikka', 'tc-madras', 'Paneer Tikka', 7.45),
  ('var-tc-madras-prawn', 'tc-madras', 'Prawn', 7.45),
  ('var-tc-madras-special-mixed', 'tc-madras', 'Special Mixed', 8.45),
  ('var-tc-madras-special-mixed-tikka', 'tc-madras', 'Special Mixed Tikka', 8.95),
  ('var-tc-malaya-chicken', 'tc-malaya', 'Chicken', 6.95),
  ('var-tc-malaya-chicken-tikka', 'tc-malaya', 'Chicken Tikka', 7.45),
  ('var-tc-malaya-keema', 'tc-malaya', 'Keema', 7.45),
  ('var-tc-malaya-king-prawn', 'tc-malaya', 'King Prawn', 11.95),
  ('var-tc-malaya-king-prawn-tikka', 'tc-malaya', 'King Prawn Tikka', 11.95),
  ('var-tc-malaya-lamb', 'tc-malaya', 'Lamb', 7.45),
  ('var-tc-malaya-lamb-tikka', 'tc-malaya', 'Lamb Tikka', 8.45),
  ('var-tc-malaya-mixed-vegetable', 'tc-malaya', 'Mixed Vegetable', 6.45),
  ('var-tc-malaya-mushroom', 'tc-malaya', 'Mushroom', 6.45),
  ('var-tc-malaya-paneer-tikka', 'tc-malaya', 'Paneer Tikka', 7.45),
  ('var-tc-malaya-prawn', 'tc-malaya', 'Prawn', 7.45),
  ('var-tc-malaya-special-mixed', 'tc-malaya', 'Special Mixed', 8.45),
  ('var-tc-malaya-special-mixed-tikka', 'tc-malaya', 'Special Mixed Tikka', 8.95),
  ('var-tc-methi-chicken', 'tc-methi', 'Chicken', 6.95),
  ('var-tc-methi-chicken-tikka', 'tc-methi', 'Chicken Tikka', 7.45),
  ('var-tc-methi-keema', 'tc-methi', 'Keema', 7.45),
  ('var-tc-methi-king-prawn', 'tc-methi', 'King Prawn', 11.95),
  ('var-tc-methi-king-prawn-tikka', 'tc-methi', 'King Prawn Tikka', 11.95),
  ('var-tc-methi-lamb', 'tc-methi', 'Lamb', 7.45),
  ('var-tc-methi-lamb-tikka', 'tc-methi', 'Lamb Tikka', 8.45),
  ('var-tc-methi-mixed-vegetable', 'tc-methi', 'Mixed Vegetable', 6.45),
  ('var-tc-methi-mushroom', 'tc-methi', 'Mushroom', 6.45),
  ('var-tc-methi-paneer-tikka', 'tc-methi', 'Paneer Tikka', 7.45),
  ('var-tc-methi-prawn', 'tc-methi', 'Prawn', 7.45),
  ('var-tc-methi-special-mixed', 'tc-methi', 'Special Mixed', 8.45),
  ('var-tc-methi-special-mixed-tikka', 'tc-methi', 'Special Mixed Tikka', 8.95),
  ('var-tc-pathia-chicken', 'tc-pathia', 'Chicken', 6.95),
  ('var-tc-pathia-chicken-tikka', 'tc-pathia', 'Chicken Tikka', 7.45),
  ('var-tc-pathia-keema', 'tc-pathia', 'Keema', 7.45),
  ('var-tc-pathia-king-prawn', 'tc-pathia', 'King Prawn', 11.95),
  ('var-tc-pathia-king-prawn-tikka', 'tc-pathia', 'King Prawn Tikka', 11.95),
  ('var-tc-pathia-lamb', 'tc-pathia', 'Lamb', 7.45),
  ('var-tc-pathia-lamb-tikka', 'tc-pathia', 'Lamb Tikka', 8.45),
  ('var-tc-pathia-mixed-vegetable', 'tc-pathia', 'Mixed Vegetable', 6.45),
  ('var-tc-pathia-mushroom', 'tc-pathia', 'Mushroom', 6.45),
  ('var-tc-pathia-paneer-tikka', 'tc-pathia', 'Paneer Tikka', 7.45),
  ('var-tc-pathia-prawn', 'tc-pathia', 'Prawn', 7.45),
  ('var-tc-pathia-special-mixed', 'tc-pathia', 'Special Mixed', 8.45),
  ('var-tc-pathia-special-mixed-tikka', 'tc-pathia', 'Special Mixed Tikka', 8.95),
  ('var-tc-rogan-josh-chicken', 'tc-rogan-josh', 'Chicken', 6.95),
  ('var-tc-rogan-josh-chicken-tikka', 'tc-rogan-josh', 'Chicken Tikka', 7.45),
  ('var-tc-rogan-josh-keema', 'tc-rogan-josh', 'Keema', 7.45),
  ('var-tc-rogan-josh-king-prawn', 'tc-rogan-josh', 'King Prawn', 11.95),
  ('var-tc-rogan-josh-king-prawn-tikka', 'tc-rogan-josh', 'King Prawn Tikka', 11.95),
  ('var-tc-rogan-josh-lamb', 'tc-rogan-josh', 'Lamb', 7.45),
  ('var-tc-rogan-josh-lamb-tikka', 'tc-rogan-josh', 'Lamb Tikka', 8.45),
  ('var-tc-rogan-josh-mixed-vegetable', 'tc-rogan-josh', 'Mixed Vegetable', 6.45),
  ('var-tc-rogan-josh-mushroom', 'tc-rogan-josh', 'Mushroom', 6.45),
  ('var-tc-rogan-josh-paneer-tikka', 'tc-rogan-josh', 'Paneer Tikka', 7.45),
  ('var-tc-rogan-josh-prawn', 'tc-rogan-josh', 'Prawn', 7.45),
  ('var-tc-rogan-josh-special-mixed', 'tc-rogan-josh', 'Special Mixed', 8.45),
  ('var-tc-rogan-josh-special-mixed-tikka', 'tc-rogan-josh', 'Special Mixed Tikka', 8.95),
  ('var-tc-samber-chicken', 'tc-samber', 'Chicken', 6.95),
  ('var-tc-samber-chicken-tikka', 'tc-samber', 'Chicken Tikka', 7.45),
  ('var-tc-samber-keema', 'tc-samber', 'Keema', 7.45),
  ('var-tc-samber-king-prawn', 'tc-samber', 'King Prawn', 11.95),
  ('var-tc-samber-king-prawn-tikka', 'tc-samber', 'King Prawn Tikka', 11.95),
  ('var-tc-samber-lamb', 'tc-samber', 'Lamb', 7.45),
  ('var-tc-samber-lamb-tikka', 'tc-samber', 'Lamb Tikka', 8.45),
  ('var-tc-samber-mixed-vegetable', 'tc-samber', 'Mixed Vegetable', 6.45),
  ('var-tc-samber-mushroom', 'tc-samber', 'Mushroom', 6.45),
  ('var-tc-samber-paneer-tikka', 'tc-samber', 'Paneer Tikka', 7.45),
  ('var-tc-samber-prawn', 'tc-samber', 'Prawn', 7.45),
  ('var-tc-samber-special-mixed', 'tc-samber', 'Special Mixed', 8.45),
  ('var-tc-samber-special-mixed-tikka', 'tc-samber', 'Special Mixed Tikka', 8.95),
  ('var-tc-sylhety-chicken', 'tc-sylhety', 'Chicken', 6.95),
  ('var-tc-sylhety-chicken-tikka', 'tc-sylhety', 'Chicken Tikka', 7.45),
  ('var-tc-sylhety-keema', 'tc-sylhety', 'Keema', 7.45),
  ('var-tc-sylhety-king-prawn', 'tc-sylhety', 'King Prawn', 11.95),
  ('var-tc-sylhety-king-prawn-tikka', 'tc-sylhety', 'King Prawn Tikka', 11.95),
  ('var-tc-sylhety-lamb', 'tc-sylhety', 'Lamb', 7.45),
  ('var-tc-sylhety-lamb-tikka', 'tc-sylhety', 'Lamb Tikka', 8.45),
  ('var-tc-sylhety-mixed-vegetable', 'tc-sylhety', 'Mixed Vegetable', 6.45),
  ('var-tc-sylhety-mushroom', 'tc-sylhety', 'Mushroom', 6.45),
  ('var-tc-sylhety-paneer-tikka', 'tc-sylhety', 'Paneer Tikka', 7.45),
  ('var-tc-sylhety-prawn', 'tc-sylhety', 'Prawn', 7.45),
  ('var-tc-sylhety-special-mixed', 'tc-sylhety', 'Special Mixed', 8.45),
  ('var-tc-sylhety-special-mixed-tikka', 'tc-sylhety', 'Special Mixed Tikka', 8.95),
  ('var-tc-vindaloo-chicken', 'tc-vindaloo', 'Chicken', 6.95),
  ('var-tc-vindaloo-chicken-tikka', 'tc-vindaloo', 'Chicken Tikka', 7.45),
  ('var-tc-vindaloo-keema', 'tc-vindaloo', 'Keema', 7.45),
  ('var-tc-vindaloo-king-prawn', 'tc-vindaloo', 'King Prawn', 11.95),
  ('var-tc-vindaloo-king-prawn-tikka', 'tc-vindaloo', 'King Prawn Tikka', 11.95),
  ('var-tc-vindaloo-lamb', 'tc-vindaloo', 'Lamb', 7.45),
  ('var-tc-vindaloo-lamb-tikka', 'tc-vindaloo', 'Lamb Tikka', 8.45),
  ('var-tc-vindaloo-mixed-vegetable', 'tc-vindaloo', 'Mixed Vegetable', 6.45),
  ('var-tc-vindaloo-mushroom', 'tc-vindaloo', 'Mushroom', 6.45),
  ('var-tc-vindaloo-paneer-tikka', 'tc-vindaloo', 'Paneer Tikka', 7.45),
  ('var-tc-vindaloo-prawn', 'tc-vindaloo', 'Prawn', 7.45),
  ('var-tc-vindaloo-special-mixed', 'tc-vindaloo', 'Special Mixed', 8.45),
  ('var-tc-vindaloo-special-mixed-tikka', 'tc-vindaloo', 'Special Mixed Tikka', 8.95);

-- Product add-ons
insert into public.product_add_ons (id, item_id, name, price) values
  ('addon-1772792706373', 'bd-chicken-biryani', 'Korma Sauce', 1),
  ('addon-1772792724822', 'bd-chicken-biryani', 'Madras Sauce', 0.5),
  ('addon-1772792698923', 'bd-chicken-biryani', 'Masala Sauce', 1),
  ('addon-1772792692339', 'bd-chicken-biryani', 'Veg Curry Sauce', 0),
  ('addon-bd-chicken-tikka-biryani-korma-sauce-1772793023760', 'bd-chicken-tikka-biryani', 'Korma Sauce', 1),
  ('addon-bd-chicken-tikka-biryani-madras-sauce-1772793023761', 'bd-chicken-tikka-biryani', 'Madras Sauce', 0.5),
  ('addon-bd-chicken-tikka-biryani-masala-sauce-1772793023762', 'bd-chicken-tikka-biryani', 'Masala Sauce', 1),
  ('addon-bd-chicken-tikka-biryani-veg-curry-sauce-1772793023763', 'bd-chicken-tikka-biryani', 'Veg Curry Sauce', 0),
  ('addon-bd-king-prawn-biryani-korma-sauce-1772793023764', 'bd-king-prawn-biryani', 'Korma Sauce', 1),
  ('addon-bd-king-prawn-biryani-madras-sauce-1772793023765', 'bd-king-prawn-biryani', 'Madras Sauce', 0.5),
  ('addon-bd-king-prawn-biryani-masala-sauce-1772793023766', 'bd-king-prawn-biryani', 'Masala Sauce', 1),
  ('addon-bd-king-prawn-biryani-veg-curry-sauce-1772793023767', 'bd-king-prawn-biryani', 'Veg Curry Sauce', 0),
  ('addon-bd-lamb-biryani-korma-sauce-1772793023768', 'bd-lamb-biryani', 'Korma Sauce', 1),
  ('addon-bd-lamb-biryani-madras-sauce-1772793023769', 'bd-lamb-biryani', 'Madras Sauce', 0.5),
  ('addon-bd-lamb-biryani-masala-sauce-1772793023770', 'bd-lamb-biryani', 'Masala Sauce', 1),
  ('addon-bd-lamb-biryani-veg-curry-sauce-1772793023771', 'bd-lamb-biryani', 'Veg Curry Sauce', 0),
  ('addon-bd-lamb-tikka-biryani-korma-sauce-1772793023772', 'bd-lamb-tikka-biryani', 'Korma Sauce', 1),
  ('addon-bd-lamb-tikka-biryani-madras-sauce-1772793023773', 'bd-lamb-tikka-biryani', 'Madras Sauce', 0.5),
  ('addon-bd-lamb-tikka-biryani-masala-sauce-1772793023774', 'bd-lamb-tikka-biryani', 'Masala Sauce', 1),
  ('addon-bd-lamb-tikka-biryani-veg-curry-sauce-1772793023775', 'bd-lamb-tikka-biryani', 'Veg Curry Sauce', 0),
  ('addon-bd-mixed-vegetable-biryani-korma-sauce-1772793023776', 'bd-mixed-vegetable-biryani', 'Korma Sauce', 1),
  ('addon-bd-mixed-vegetable-biryani-madras-sauce-1772793023777', 'bd-mixed-vegetable-biryani', 'Madras Sauce', 0.5),
  ('addon-bd-mixed-vegetable-biryani-masala-sauce-1772793023778', 'bd-mixed-vegetable-biryani', 'Masala Sauce', 1),
  ('addon-bd-mixed-vegetable-biryani-veg-curry-sauce-1772793023779', 'bd-mixed-vegetable-biryani', 'Veg Curry Sauce', 0),
  ('addon-1772793110538', 'bd-persian-special-biryani', 'Korma Sauce', 0),
  ('addon-bd-persian-special-biryani-madras-sauce-1772793023780', 'bd-persian-special-biryani', 'Madras Sauce', 0.5),
  ('addon-bd-persian-special-biryani-masala-sauce-1772793023781', 'bd-persian-special-biryani', 'Masala Sauce', 1),
  ('addon-bd-persian-special-biryani-veg-curry-sauce-1772793023782', 'bd-persian-special-biryani', 'Veg Curry Sauce', 0),
  ('addon-bd-prawn-biryani-korma-sauce-1772793023783', 'bd-prawn-biryani', 'Korma Sauce', 1),
  ('addon-bd-prawn-biryani-madras-sauce-1772793023784', 'bd-prawn-biryani', 'Madras Sauce', 0.5),
  ('addon-bd-prawn-biryani-masala-sauce-1772793023785', 'bd-prawn-biryani', 'Masala Sauce', 1),
  ('addon-bd-prawn-biryani-veg-curry-sauce-1772793023786', 'bd-prawn-biryani', 'Veg Curry Sauce', 0),
  ('addon-bd-special-mixed-biryani-korma-sauce-1772793023787', 'bd-special-mixed-biryani', 'Korma Sauce', 1),
  ('addon-bd-special-mixed-biryani-madras-sauce-1772793023788', 'bd-special-mixed-biryani', 'Madras Sauce', 0.5),
  ('addon-bd-special-mixed-biryani-masala-sauce-1772793023789', 'bd-special-mixed-biryani', 'Masala Sauce', 1),
  ('addon-bd-special-mixed-biryani-veg-curry-sauce-1772793023790', 'bd-special-mixed-biryani', 'Veg Curry Sauce', 0),
  ('addon-bd-special-mixed-tikka-biryani-korma-sauce-1772793023791', 'bd-special-mixed-tikka-biryani', 'Korma Sauce', 1),
  ('addon-bd-special-mixed-tikka-biryani-madras-sauce-1772793023792', 'bd-special-mixed-tikka-biryani', 'Madras Sauce', 0.5),
  ('addon-bd-special-mixed-tikka-biryani-masala-sauce-1772793023793', 'bd-special-mixed-tikka-biryani', 'Masala Sauce', 1),
  ('addon-bd-special-mixed-tikka-biryani-veg-curry-sauce-1772793023794', 'bd-special-mixed-tikka-biryani', 'Veg Curry Sauce', 0),
  ('addon-bd-tandoori-chicken-biryani-korma-sauce-1772793023795', 'bd-tandoori-chicken-biryani', 'Korma Sauce', 1),
  ('addon-bd-tandoori-chicken-biryani-madras-sauce-1772793023796', 'bd-tandoori-chicken-biryani', 'Madras Sauce', 0.5),
  ('addon-bd-tandoori-chicken-biryani-masala-sauce-1772793023797', 'bd-tandoori-chicken-biryani', 'Masala Sauce', 1),
  ('addon-bd-tandoori-chicken-biryani-veg-curry-sauce-1772793023798', 'bd-tandoori-chicken-biryani', 'Veg Curry Sauce', 0),
  ('addon-1772822400201', 'kr-areesa-supreme', 'Chilli', 0),
  ('addon-1772822416701', 'kr-areesa-supreme', 'Curry Sauce', 0),
  ('addon-1772822404168', 'kr-areesa-supreme', 'Garlic', 0),
  ('addon-1772822412401', 'kr-areesa-supreme', 'Ketchup', 0),
  ('addon-1772822407785', 'kr-areesa-supreme', 'Mayo', 0),
  ('addon-1772822396404', 'kr-areesa-supreme', 'Salad', 0),
  ('addon-1772822799817', 'kr-chicken-tikka-kebab-roll', 'Chilli', 0),
  ('addon-1772822829371', 'kr-chicken-tikka-kebab-roll', 'Curry Sauce', 0),
  ('addon-1772822808601', 'kr-chicken-tikka-kebab-roll', 'Garlic', 0),
  ('addon-1772822823083', 'kr-chicken-tikka-kebab-roll', 'Ketchup', 0),
  ('addon-1772822812700', 'kr-chicken-tikka-kebab-roll', 'Mayo', 0),
  ('addon-1772822770737', 'kr-chicken-tikka-kebab-roll', 'Salad', 0),
  ('addon-1772822863453', 'kr-chilli-chicken-roll-regular', 'Chilli', 0),
  ('addon-1772822881202', 'kr-chilli-chicken-roll-regular', 'Curry Sauce', 0),
  ('addon-1772822868136', 'kr-chilli-chicken-roll-regular', 'Garlic', 0),
  ('addon-1772822875766', 'kr-chilli-chicken-roll-regular', 'Ketchup', 0),
  ('addon-1772822871250', 'kr-chilli-chicken-roll-regular', 'Mayo', 0),
  ('addon-1772822858517', 'kr-chilli-chicken-roll-regular', 'Salad', 0),
  ('addon-1772822908883', 'kr-donner-kebab-regular', 'Chilli', 0),
  ('addon-1772822928983', 'kr-donner-kebab-regular', 'Curry Sauce', 0),
  ('addon-1772822913183', 'kr-donner-kebab-regular', 'Garlic', 0),
  ('addon-1772822924083', 'kr-donner-kebab-regular', 'Ketchup', 0),
  ('addon-1772822917449', 'kr-donner-kebab-regular', 'Mayo', 0),
  ('addon-1772822904299', 'kr-donner-kebab-regular', 'Salad', 0),
  ('addon-1772822937966', 'kr-lamb-tikka-kebab-roll', 'Chilli', 0),
  ('addon-1772822956282', 'kr-lamb-tikka-kebab-roll', 'Curry Sauce', 0),
  ('addon-1772822942236', 'kr-lamb-tikka-kebab-roll', 'Garlic', 0),
  ('addon-1772822950832', 'kr-lamb-tikka-kebab-roll', 'Ketchup', 0),
  ('addon-1772822945249', 'kr-lamb-tikka-kebab-roll', 'Mayo', 0),
  ('addon-1772822933383', 'kr-lamb-tikka-kebab-roll', 'Salad', 0),
  ('addon-1772822965149', 'kr-mixed-kebab-roll', 'Chilli', 0),
  ('addon-1772822982566', 'kr-mixed-kebab-roll', 'Curry Sauce', 0),
  ('addon-1772822968432', 'kr-mixed-kebab-roll', 'Garlic', 0),
  ('addon-1772822977716', 'kr-mixed-kebab-roll', 'Ketchup', 0),
  ('addon-1772822973232', 'kr-mixed-kebab-roll', 'Mayo', 0),
  ('addon-1772822960982', 'kr-mixed-kebab-roll', 'Salad', 0),
  ('addon-1772822992949', 'kr-seekh-kebab-roll', 'Chilli', 0),
  ('addon-1772823010632', 'kr-seekh-kebab-roll', 'Curry Sauce', 0),
  ('addon-1772822996133', 'kr-seekh-kebab-roll', 'Garlic', 0),
  ('addon-1772823003566', 'kr-seekh-kebab-roll', 'Ketchup', 0),
  ('addon-1772822999166', 'kr-seekh-kebab-roll', 'Mayo', 0),
  ('addon-1772822989416', 'kr-seekh-kebab-roll', 'Salad', 0),
  ('addon-td-chicken-tikka-main-korma-sauce-1772793264793', 'td-chicken-tikka-main', 'Korma Sauce', 1),
  ('addon-td-chicken-tikka-main-madras-sauce-1772793264794', 'td-chicken-tikka-main', 'Madras Sauce', 0.5),
  ('addon-td-chicken-tikka-main-masala-sauce-1772793264795', 'td-chicken-tikka-main', 'Masala Sauce', 1),
  ('addon-td-chicken-tikka-main-veg-curry-sauce-1772793264796', 'td-chicken-tikka-main', 'Veg Curry Sauce', 0),
  ('addon-td-king-prawn-shashlik-korma-sauce-1772793264797', 'td-king-prawn-shashlik', 'Korma Sauce', 1),
  ('addon-td-king-prawn-shashlik-madras-sauce-1772793264798', 'td-king-prawn-shashlik', 'Madras Sauce', 0.5),
  ('addon-td-king-prawn-shashlik-masala-sauce-1772793264799', 'td-king-prawn-shashlik', 'Masala Sauce', 1),
  ('addon-td-king-prawn-shashlik-veg-curry-sauce-1772793264800', 'td-king-prawn-shashlik', 'Veg Curry Sauce', 0),
  ('addon-td-lamb-tikka-main-korma-sauce-1772793264801', 'td-lamb-tikka-main', 'Korma Sauce', 1),
  ('addon-td-lamb-tikka-main-madras-sauce-1772793264802', 'td-lamb-tikka-main', 'Madras Sauce', 0.5),
  ('addon-td-lamb-tikka-main-masala-sauce-1772793264803', 'td-lamb-tikka-main', 'Masala Sauce', 1),
  ('addon-td-lamb-tikka-main-veg-curry-sauce-1772793264804', 'td-lamb-tikka-main', 'Veg Curry Sauce', 0),
  ('addon-td-shashlik-korma-sauce-1772793264805', 'td-shashlik', 'Korma Sauce', 1),
  ('addon-td-shashlik-madras-sauce-1772793264806', 'td-shashlik', 'Madras Sauce', 0.5),
  ('addon-td-shashlik-masala-sauce-1772793264807', 'td-shashlik', 'Masala Sauce', 1),
  ('addon-td-shashlik-veg-curry-sauce-1772793264808', 'td-shashlik', 'Veg Curry Sauce', 0),
  ('addon-td-tandoori-chicken-main-korma-sauce-1772793264809', 'td-tandoori-chicken-main', 'Korma Sauce', 1),
  ('addon-td-tandoori-chicken-main-madras-sauce-1772793264810', 'td-tandoori-chicken-main', 'Madras Sauce', 0.5),
  ('addon-td-tandoori-chicken-main-masala-sauce-1772793264811', 'td-tandoori-chicken-main', 'Masala Sauce', 1),
  ('addon-td-tandoori-chicken-main-veg-curry-sauce-1772793264812', 'td-tandoori-chicken-main', 'Veg Curry Sauce', 0),
  ('addon-td-tandoori-king-prawn-main-korma-sauce-1772793264813', 'td-tandoori-king-prawn-main', 'Korma Sauce', 1),
  ('addon-td-tandoori-king-prawn-main-madras-sauce-1772793264814', 'td-tandoori-king-prawn-main', 'Madras Sauce', 0.5),
  ('addon-td-tandoori-king-prawn-main-masala-sauce-1772793264815', 'td-tandoori-king-prawn-main', 'Masala Sauce', 1),
  ('addon-td-tandoori-king-prawn-main-veg-curry-sauce-1772793264816', 'td-tandoori-king-prawn-main', 'Veg Curry Sauce', 0),
  ('addon-td-tandoori-lamb-chops-main-korma-sauce-1772793264817', 'td-tandoori-lamb-chops-main', 'Korma Sauce', 1),
  ('addon-td-tandoori-lamb-chops-main-madras-sauce-1772793264818', 'td-tandoori-lamb-chops-main', 'Madras Sauce', 0.5),
  ('addon-td-tandoori-lamb-chops-main-masala-sauce-1772793264819', 'td-tandoori-lamb-chops-main', 'Masala Sauce', 1),
  ('addon-td-tandoori-lamb-chops-main-veg-curry-sauce-1772793264820', 'td-tandoori-lamb-chops-main', 'Veg Curry Sauce', 0),
  ('addon-td-tandoori-mixed-grill-korma-sauce-1772793264821', 'td-tandoori-mixed-grill', 'Korma Sauce', 1),
  ('addon-td-tandoori-mixed-grill-madras-sauce-1772793264822', 'td-tandoori-mixed-grill', 'Madras Sauce', 0.5),
  ('addon-td-tandoori-mixed-grill-masala-sauce-1772793264823', 'td-tandoori-mixed-grill', 'Masala Sauce', 1),
  ('addon-td-tandoori-mixed-grill-veg-curry-sauce-1772793264824', 'td-tandoori-mixed-grill', 'Veg Curry Sauce', 0);

-- Delivery postcode charges
insert into public.delivery_postcode_charges (postcode_prefix, charge) values
  ('PR1', 2),
  ('PR2', 3),
  ('PR25', 4),
  ('PR5', 1.5),
  ('PR58', 3),
  ('PR6', 4);

commit;
